t90_error,fluence_error,flux_1024_time,flux_64_error,flnc_band_ampl_neg_err,flnc_band_epeak,flnc_band_epeak_neg_err,flnc_band_alpha_pos_err,flnc_band_beta,flnc_band_beta_pos_err,flnc_spectrum_start,actual_1024ms_interval,actual_256ms_interval,actual_64ms_interval,back_interval_low_start,bcat_detector_mask,bcatalog,bii,duration_energy_high,duration_energy_low,error_radius,flnc_band_ergflux_error,flnc_band_redchisq,flnc_band_redfitstat,flnc_comp_epeak,flnc_comp_index_pos_err,flnc_comp_phtfluxb,flnc_comp_pivot,flnc_plaw_pivot,flnc_sbpl_brken,flnc_sbpl_brksc,flnc_sbpl_indx1,flnc_sbpl_indx1_pos_err,flnc_sbpl_indx2_neg_err,flnc_sbpl_phtflux_error,flnc_sbpl_pivot,flu_high,flu_low,fluence_batse_error,lii,pflx_band_alpha,pflx_band_ampl,pflx_band_beta,pflx_band_beta_pos_err,pflx_band_epeak_pos_err,pflx_band_redfitstat,pflx_comp_ampl_pos_err,pflx_comp_pivot,pflx_plaw_dof,pflx_plaw_index,pflx_plaw_index_neg_err,pflx_plaw_pivot,pflx_sbpl_brken_pos_err,pflx_sbpl_brksc,pflx_sbpl_indx1,pflx_sbpl_indx2,pflx_sbpl_pivot,scat_detector_mask,scatalog,t50,t50_error,t50_start
1.46,1.06e-07,1.024,0.7637,0.001496174,221.2021,22.9559,0.07985288,-1.904774,0.08532512,-1.024,1.024,0.256,0.064,-73.96,11100100.0,1,-48.3817,300,50,0.0,1.32e-08,1.091,2.732,309.751,0.05571896,1.113546,100,100,110.3743,0.3,-0.6975315,0.06619215,0.08502507,0.04582598,100,1000,10,5.5e-08,341.8589,-0.1713935,0.04003748,-2.756266,52.60099,20.65099,1.274,0.009185951,100,476,-1.44263,0.02901959,100,66.65121,0.3,-0.6225131,-3.890505,100,11100001.0,3,10.432,0.429,3.52
3.638,4.9e-08,23.68,1.1851,0.000237158,589.4979,85.8363,0.04453039,-5.981619,98.14269,-10.24,1.024,0.256,0.064,-55.62,11100100.0,3,-58.5062,300,50,0.0,1.16e-08,1.254,3.852,590.6446,0.04365408,0.6896225,100,100,326.9991,0.3,-1.149945,0.03871465,0.4099693,0.04179194,100,1000,10,2.26e-08,90.9581,-1.131952,0.01051729,-9.346875,17257.09,296.3021,1.186,0.001849369,100,478,-1.472634,0.03796208,100,104.2443,0.3,-1.147176,-2.166489,100,1100101.0,3,32.768,1.379,10.048
6.802,3.63e-08,0.896,1.1021,0.001549708,182.5805,51.53627,0.1736209,-2.316035,16.44725,-7.168,1.024,0.256,0.064,-22.08,1100100.0,1,-32.4861,300,50,0.0,2.33e-08,1.055,1.372,199.1405,0.1473446,0.5585938,100,100,8.660565,0.3,16.18503,111.2684,0.07710436,0.08662952,100,1000,10,2.07e-08,334.0189,-0.7568093,0.0104078,-8.282661,7447.424,80.43308,1.074,0.002832745,100,479,-1.548609,0.08610403,100,10311.89,0.3,-1.032479,-43.39294,100,1100101.0,3,78.336,1.056,0.768
7.281,8.67e-08,16.448,0.8835,0.005369762,101.5923,6.921906,0.1688145,-10.77175,9381.606,-1.024,1.024,0.256,0.064,-37.5,11000.0,1,-50.8594,300,50,5.9,2.62e-08,1.087,1.824,100.7041,0.2074496,0.5826935,100,100,311.4352,0.3,-0.8907402,0.1106108,120.8317,0.0610403,100,1000,10,4.71e-08,180.495,0.09426697,0.06527816,-10.39946,6846.914,11.66328,1.183,0.02748271,100,358,-1.532453,0.05842614,100,737.2037,0.3,-0.6638802,-19.88724,100,11001.0,3,10.24,3.238,10.24
0.81,7e-08,2.368,1.6469,0.000260606,667.6653,41.6875,0.0144937,-2.152307,0.07648563,-4.096,1.024,0.256,0.064,-40.1,10011000000000.0,1,-13.7641,300,50,0.0,1.59e-08,1.163,6.569,768.2076,0.0135231,2.043774,100,100,309.2031,0.3,-1.130424,0.01161087,0.05582428,0.03505227,100,1000,10,3.8e-08,270.1009,-0.7448255,0.05215057,-2.656804,27.98776,65.49155,0.952,0.003081225,100,360,-1.398753,0.01392043,100,48.19643,0.3,-0.8475866,-2.348593,100,11000000010.0,3,32.0,0.724,6.656
7.173,8.18e-08,2.24,1.3541,0.00283446,105.7332,20.44881,0.1062993,-1.774458,0.04619229,-1.024,1.024,0.256,0.064,-46.25,1100100.0,1,-50.5129,300,50,0.0,1.02e-08,1.133,5.577,247.8299,0.04694128,0.8026056,100,100,32.48017,0.3,-0.6533552,0.1981302,0.04410303,0.04118964,100,1000,10,4.63e-08,333.6069,-0.4061177,0.0306892,-4.882297,21.28355,31.83066,1.112,0.005333513,100,359,-1.411103,0.02561331,100,58.4622,0.3,-0.601447,-2.664408,100,1100001.0,3,18.432,0.81,2.56
4.007,3.76e-08,-0.64,1.272,0.01506538,49.45244,167.903,0.3106624,-1.801257,0.1998826,-1.024,1.024,0.256,0.064,-17.5,10011000000000.0,1,-26.296,300,50,0.0,1.29e-08,0.964,1.274,1077.127,0.08819401,0.3443911,100,100,7.858801,0.3,-0.3565579,28.99389,0.06338644,0.08693337,100,1000,10,1.61e-08,263.8257,-1.113799,0.01307554,-3.295795,5.077431,20.26472,1.202,0.006091827,100,482,-1.793061,0.09019697,100,46.02563,0.3,19.07068,-1.98953,100,10011000010.0,3,8.704,0.81,-0.256
2.36,5.35e-08,15.424,1.1979,0.001000152,166.9659,30.49027,0.1084768,-2.090436,0.3151507,-1.024,1.024,0.256,0.064,-25.62,11100000000000.0,3,-21.114,300,50,0.0,1.19e-08,0.955,1.834,229.7094,0.07245028,0.5049808,100,100,86.82967,0.3,-1.122151,0.1017811,0.2465627,0.04079478,100,1000,10,2.97e-08,338.1594,-0.6749601,0.01673847,-5.00431,58.93766,79.65849,1.117,0.006111575,100,361,-1.546947,0.05573511,100,41.75041,0.3,-0.7520159,-2.703835,100,1100000000000.0,3,107.266,1.619,9.216
5.221,5.87e-08,13.632,1.5921,0.04970142,28.61046,10.98278,0.2730726,-1.648899,0.05173826,-5.12,1.024,0.256,0.064,-55.73,11100000000000.0,1,-48.9361,300,50,0.0,9.33e-09,1.273,4.12,4653120.0,0.006666422,0.4475757,100,100,4.557489,0.3,16.7215,507.0155,0.04075328,0.0569634,100,1000,10,2.8e-08,339.0389,-0.1784855,0.1702659,-1.554734,0.3818237,185.2781,1.222,0.000282643,100,477,-1.545653,0.09784794,100,12976.5,0.3,-1.613624,-0.6018181,100,100000000000.0,3,17.408,2.29,2.304
8.51,2.2e-07,15.168,1.6623,0.005451519,160.9417,14.44806,0.1147791,-2.095725,0.09481311,0.0,1.024,0.256,0.064,-48.75,1100.0,1,-29.9796,300,50,0.0,2.06e-08,1.083,1.404,245.4058,0.06352484,1.988766,100,100,94.9024,0.3,-0.6794685,0.1076028,0.1146576,0.1199446,100,1000,10,1.2e-07,269.5008,-0.2091773,0.05516548,-1.765097,0.1209986,45.42302,0.953,0.004528962,100,357,-1.441248,0.02635419,100,31.08517,0.3,-0.372953,-1.778261,100,1101.0,3,9.472,1.145,6.656
0.41,8.69e-08,20.864,1.3607,0.00287129,86.91359,1.32753,0.02245021,-3.67453,0.4704061,-1.024,1.024,0.256,0.064,-39.71,1100000000000.0,1,-86.2701,300,50,0.0,1.13e-08,1.629,2.445,88.40163,0.02037936,2.693491,100,100,83.92951,0.3,-1.097267,0.02526796,0.1141236,0.05015804,100,1000,10,3.72e-08,168.7858,-0.3248393,0.3054059,-3.883302,6.845659,4.384186,1.217,0.02821922,100,362,-1.623751,0.01266587,100,13.80341,0.3,-0.7420732,-3.884655,100,1100000000000.0,3,7.488,0.143,19.392
2.318,9.57e-08,3.264,1.0016,0.001873676,147.2107,8.431061,0.04478401,-2.299758,0.118835,-1.024,1.024,0.256,0.064,-49.58,11100000000000.0,1,-79.041,300,50,0.0,1.69e-08,1.153,1.426,177.8716,0.03566343,1.785448,100,100,101.8562,0.3,-1.041738,0.04013825,0.1359229,0.05562907,100,1000,10,5.26e-08,254.822,-0.7261735,0.07214334,-2.612371,9.815059,16.07765,1.077,0.006019067,100,482,-1.526835,0.01375163,100,26.68427,0.3,-0.9616292,-2.736529,100,11100000000000.0,3,4.672,0.231,2.368
0.81,6.1e-08,14.336,0.9669,0.000322085,424.7799,15.40781,0.01870877,-5.952828,38.23616,-1.792,1.024,0.256,0.064,-30.31,11100.0,1,34.6186,300,50,0.0,1.45e-08,1.128,3.597,425.0112,0.01866591,1.946708,100,100,1246.277,0.3,-1.114256,0.01261482,53.98491,0.0418273,100,1000,10,3.02e-08,189.8576,-0.2558957,0.05417674,-8.175202,387.2775,22.28363,1.081,0.00333507,100,478,-1.338027,0.01339138,100,56.91351,0.3,-0.5347022,-3.467278,100,11101.0,3,9.728,0.572,6.4
3.238,4.83e-08,0.004,0.7141,0.001674827,142.6679,30.7755,0.1420158,-2.065165,0.5151749,-2.048,1.02,0.256,0.064,-38.25,11100000000000.0,1,-26.7753,300,50,0.0,2.48e-08,1.009,1.136,183.0634,0.1176906,0.6873139,100,100,113.108,0.3,-1.345665,0.09150219,0.933846,0.09729873,100,1000,10,2.6e-08,140.8798,-0.5940353,0.02026041,-4.155704,12.52263,33.81525,1.002,0.004709909,100,482,-1.483142,0.0361588,100,158.5702,0.3,-0.8866852,-3.921268,100,11000000000000.0,3,6.141,1.446,0.004
0.572,4.16e-08,140.866,1.2322,0.000183785,453.6466,23.59637,0.0114516,-2.354405,0.1470437,-3.072,1.024,0.256,0.064,-43.33,11011100.0,3,79.7749,300,50,0.0,7.73e-09,1.23,5.805,481.4235,0.00947547,1.51161,100,100,215.3397,0.3,-1.240821,0.009443641,0.05302739,0.02003038,100,1000,10,2.61e-08,291.2262,-0.5479284,0.05881261,-6.696282,137.2364,29.52579,1.003,0.003485099,100,478,-1.364917,0.0101552,100,46.37161,0.3,-0.7196954,-2.672363,100,1010101.0,3,46.081,0.923,33.792
1.81,6.53e-08,23.68,1.4978,0.000195094,650.5475,43.76758,0.01657152,-2.389771,0.2323299,-4.096,1.024,0.256,0.064,-49.37,10011100000.0,1,-26.2422,300,50,0.0,1.19e-08,1.184,2.742,711.3394,0.01570547,1.407844,100,100,383.2463,0.3,-1.161994,0.01335847,0.1588664,0.03002175,100,1000,10,3.81e-08,248.7817,-0.7728204,0.06094623,-4.456855,7.081314,31.01962,1.097,0.002630711,100,481,-1.394194,0.009151101,100,56.34021,0.3,-0.9071401,-2.680124,100,11100001.0,3,14.592,0.572,12.288
2.415,7.15e-08,-2.048,1.2238,0.02172057,66.27096,10.84654,0.364821,-2.620145,1.286652,-4.096,1.024,0.256,0.064,-17.25,100000000000.0,1,48.4649,300,50,0.0,2.24e-08,1.097,1.234,71.49246,0.3340769,0.3751739,100,100,62.46205,0.3,-0.9612254,0.2869128,3.870173,0.1070053,100,1000,10,4.05e-08,215.909,-0.6604382,0.02072237,-5.117188,64.08843,23.63825,1.177,0.01370501,100,480,-1.751379,0.1128533,100,833.4024,0.3,-1.149644,-14.0198,100,100000000000.0,3,3.072,1.28,-3.584
0.264,3.86e-08,0.512,2.0411,0.001493793,159.9995,3.976883,0.01625371,-2.762827,0.1703999,-1.024,1.024,0.256,0.064,-15.25,11100100.0,1,79.2139,300,50,0.0,1.64e-08,1.333,1.914,170.67,0.01310635,4.567066,100,100,135.2276,0.3,-1.198791,0.01265883,0.08228326,0.05947475,100,1000,10,2.02e-08,285.4883,-0.8286781,0.4090146,-3.035744,0.2433968,6.391342,1.222,0.01066571,100,479,-1.572755,0.004609108,100,9.819702,0.3,-1.003039,-2.744545,100,1100101.0,3,3.072,0.091,1.28
2.064,7.91e-08,83.905,1.5087,0.000379384,148.0352,19.80286,0.04396391,-2.459627,0.8405807,-59.393,1.024,0.256,0.064,-122.5,10010000000000.0,3,24.2637,300,50,0.0,8.04e-09,1.121,1.639,159.3582,0.03817356,0.5277747,100,100,116.0842,0.3,-1.546158,0.0407387,0.3612518,0.0291595,100,1000,10,3.97e-08,241.8811,-0.6510778,0.03864037,-1.804452,0.1747119,33.66692,1.083,0.00246955,100,361,-1.57287,0.05300164,100,19.94988,0.3,-0.8099962,-1.833909,100,10010000000000.0,3,47.617,1.145,-2.048
5.177,6.12e-08,0.128,0.9647,0.000168073,1613.392,541.911,0.1037057,-5.9187,122.7514,-2.048,1.024,0.256,0.064,-41.88,11100000000000.0,1,34.512,300,50,0.0,2e-08,1.193,1.953,1584.579,0.08649468,0.4116059,100,100,918.7815,0.3,-0.9824174,0.08723725,1.871236,0.05841766,100,1000,10,2.24e-08,233.297,-1.029583,0.003339906,-5.549063,304.8527,1177.48,1.074,0.000532131,100,480,-1.439583,0.102182,100,13461.25,0.3,-1.083365,-5.775391,100,11000000000000.0,3,26.625,1.145,3.776
1.086,4.29e-07,63.361,4.7542,0.001287259,149.0404,3.286453,0.01307595,-2.239346,0.0200696,-1.024,1.024,0.256,0.064,-34.38,1000000000.0,1,24.3262,300,50,0.0013,9.59e-09,1.315,10.29,209.9314,0.008258939,4.962845,100,100,105.8194,0.3,-1.270219,0.0108757,0.02186799,0.05500602,100,1000,10,2.33e-07,110.3814,-0.9379995,0.2241543,-2.873826,0.3042238,24.49936,1.391,0.007026166,100,238,-1.564034,0.006835461,100,30.51137,0.3,-1.029678,-2.502242,100,1000000010.0,3,23.808,0.572,62.465
0.286,3.17e-07,9.088,1.9187,0.000262298,1055.44,16.26562,0.004172921,-9.721683,410.4855,-1.024,1.024,0.256,0.064,-39.38,11000000000000.0,1,26.9107,300,50,0.0005,1.85e-08,3.09,5.098,1055.118,0.003988266,9.959126,100,100,1172.791,0.3,-1.091163,0.003113627,0.4580831,0.06106821,100,1000,10,1.77e-07,51.4954,-1.18509,0.1815675,-8.800798,702.0639,87.24072,3.231,0.001641601,100,482,-1.418302,0.004386663,100,6677.162,0.3,-1.225245,-37.6418,100,11000000000000.0,3,9.024,0.181,8.896
0.286,3.41e-07,3.712,2.0105,0.000742689,333.8166,5.83902,0.008618772,-2.377665,0.04557943,-7.168,1.024,0.256,0.064,-32.5,11011100000.0,1,-48.9886,300,50,0.0004,1.5e-08,1.472,11.364,375.4192,0.006705522,7.43794,100,100,198.4888,0.3,-0.9772221,0.006936371,0.02831459,0.0501287,100,1000,10,1.79e-07,314.6944,-0.4596218,0.3745367,-2.684242,0.1363952,10.85364,1.242,0.006629467,100,480,-1.388727,0.002864361,100,10.51613,0.3,-0.6307948,-2.499637,100,10011000001.0,3,6.528,0.143,4.224
1.557,2.77e-08,18.944,1.3302,0.01366996,82.33972,2.560898,0.1057038,-3.342915,0.4482341,-1.024,1.024,0.256,0.064,-56.87,1100100.0,3,-59.7655,300,50,0.05,8.64e-09,1.1,3.25,84.7975,0.09437463,0.7644325,100,100,79.83392,0.3,-0.3709571,0.1043442,0.5036953,0.03875788,100,1000,10,1.51e-08,244.6357,0.01030408,0.08217051,-5.594602,28.18053,12.60316,1.244,0.02910239,100,479,-1.524349,0.04343081,100,55.63544,0.3,-0.5663506,-4.723025,100,1100101.0,3,17.408,0.572,13.824
0.362,7.77e-08,18.496,2.214,0.000654642,370.2101,26.60532,0.0227679,-2.214995,0.14803,-1.024,1.024,0.256,0.064,-18.54,1010000.0,1,40.0551,300,50,0.0005,1.69e-08,1.084,1.784,432.2062,0.01813138,2.592861,100,100,199.4853,0.3,-1.164757,0.02003992,0.1011286,0.06039331,100,1000,10,3.73e-08,59.3545,-0.6020429,0.1424418,-2.329356,0.1460557,27.09351,1.083,0.00406795,100,360,-1.402993,0.006373882,100,21.93674,0.3,-0.7508456,-2.293074,100,10010000001.0,3,13.312,0.724,5.696
7.973,1.5e-07,2.432,1.2673,0.001057364,228.3427,48.81152,0.08074677,-2.454068,37.74891,-6.144,1.024,0.256,0.064,-52.08,100100000000.0,1,62.8405,300,50,0.0,1.75e-08,0.995,1.912,243.8384,0.05278587,1.025262,100,100,154.5147,0.3,-1.352071,0.07995796,2.399004,0.07805709,100,1000,10,8.08e-08,146.9007,-0.9114656,0.02562717,-1.673166,0.1294184,101.9246,1.044,0.001624498,100,361,-1.461765,0.02759409,100,48.32836,0.3,-1.008064,-1.682897,100,100100000000.0,3,6.912,0.668,1.664
5.221,6.01e-08,2.24,1.1645,0.000454883,1796.27,923.7052,0.08006536,-6.127373,243.9823,-3.84,1.024,0.256,0.064,-53.12,1100100.0,1,-1.3157,300,50,0.0017,3.27e-08,1.106,1.526,1767.424,0.06713092,1.00928,100,100,7464.248,0.3,-1.407553,0.05742584,284.2161,0.237917,100,1000,10,3.47e-08,105.3281,-1.393262,0.008531023,-5.744062,532.4067,3162.362,1.03,0.001479541,100,237,-1.655011,0.1016508,100,25695.88,0.3,-1.130533,-33.97024,100,101.0,3,39.937,1.056,4.352
0.571,3.7e-08,0.256,2.2148,0.01360969,35.45828,1.550453,0.06617808,-2.215838,0.02008772,-1.024,1.024,0.256,0.064,-14.58,11010000.0,1,-66.7379,300,50,0.0002,1.26e-08,1.179,1.498,58.47786,0.01829934,2.944908,100,100,22.27065,0.3,-1.292973,0.1013982,0.02316141,0.0874287,100,1000,10,2e-08,197.3978,-0.5075393,1.176863,-2.273212,0.03618407,2.616806,1.103,0.01490998,100,480,-1.816213,0.007676125,100,2.709923,0.3,-0.7429718,-2.327791,100,11010001.0,3,5.12,0.362,0.512
5.018,1.9e-07,8.192,1.4282,0.02492422,44.72621,12.75528,0.2236308,-1.922911,0.0491085,-1.024,1.024,0.256,0.064,-65.0,10000000000000.0,1,-43.1502,300,50,0.0006,1.36e-08,1.046,1.72,124.4245,0.0631845,0.9349596,100,100,20.0706,0.3,-0.564132,0.3917714,0.05659258,0.06831387,100,1000,10,9.86e-08,144.846,-0.9538164,0.1045819,-2.203579,0.1524439,15.36241,0.965,0.006842405,100,358,-1.615718,0.01452863,100,17.2085,0.3,-1.139898,-2.288359,100,11001.0,3,7.168,0.63,1.856
2.073,1.86e-07,23.296,1.0478,0.000283241,663.5215,15.36853,0.01384479,-3.533847,1.24502,-1.024,1.024,0.256,0.064,-71.88,11010100.0,1,71.5499,300,50,0.0005,1.86e-08,1.18,2.636,668.1337,0.013713,3.533516,100,100,509.6308,0.3,-0.7862302,0.01155305,0.1840701,0.04689468,100,1000,10,1.04e-07,300.5966,-0.7269253,0.07637714,-2.530197,0.6479771,39.64584,1.148,0.002814725,100,478,-1.367016,0.009421468,100,44.44025,0.3,-0.8688058,-2.449215,100,1010101.0,3,13.248,0.272,8.192
0.979,8.2e-08,9.728,0.957,0.008129841,53.54562,7.504539,0.1559606,-1.803076,0.03070354,-1.024,1.024,0.256,0.064,-36.98,11100000.0,1,40.9827,300,50,0.001,8.89e-09,1.192,3.593,143.197,0.03780258,0.8899704,100,100,22.61667,0.3,-0.9950609,0.186731,0.03820527,0.03997017,100,1000,10,4.43e-08,283.2378,0.3110562,0.8019902,-2.124489,0.09676313,5.466602,1.098,0.01335194,100,480,-1.691799,0.0284375,100,6.555935,0.3,-0.2692315,-2.258521,100,11100001.0,3,26.368,0.689,2.944
3.238,5.68e-07,62.273,1.251,0.000242582,358.7506,9.718353,0.009797514,-1.96599,0.01980007,-62.465,1.024,0.256,0.064,-98.96,11110100000000.0,2,30.3179,300,50,0.88,4.77e-09,1.508,3.154,483.104,0.007363617,2.04612,100,100,163.7943,0.3,-0.9384904,0.008346736,0.01561248,0.01522004,100,1000,10,2.75e-07,138.6601,-0.66979,0.08874862,-2.001065,0.07876444,45.51077,1.007,0.002555139,100,482,-1.333844,0.007872224,100,21.35313,0.3,-0.7606325,-1.951658,100,11100000000000.0,3,47.105,2.29,26.624
2.896,5.76e-07,80.129,1.1953,0.000559257,253.91,6.568649,0.0215106,-2.542296,0.09954238,-4.096,1.024,0.256,0.064,-98.75,11100100000000.0,2,-19.2164,300,50,0.002,6.96e-09,1.439,3.344,281.6567,0.01668966,1.74099,100,100,165.6423,0.3,-0.7166564,0.01657867,0.05686665,0.02116703,100,1000,10,3.14e-07,220.6629,-0.3265902,0.05411721,-2.387089,0.3161821,40.79742,1.007,0.003492057,100,362,-1.353409,0.01170862,100,33.46555,0.3,-0.5142261,-2.32809,100,11000000000000.0,3,61.953,1.448,61.441
1.619,9.47e-08,6.784,1.4096,0.003610667,127.6894,8.730057,0.100126,-2.436857,0.2554705,-1.152,1.024,0.256,0.064,-62.5,1100100.0,2,-77.2756,300,50,0.001,1.39e-08,1.065,1.679,146.6776,0.07159084,0.8711983,100,100,91.99017,0.3,-0.5737486,0.08340275,0.2308414,0.03895646,100,1000,10,5.57e-08,169.0724,0.9281802,0.1949171,-1.904449,0.3365029,28.12781,1.035,0.04415056,100,358,-1.345889,0.02746475,100,17.63856,0.3,0.9232176,-1.94264,100,1100001.0,3,72.193,1.619,5.696
2.828,5.79e-08,10.176,1.8518,0.010388,74.91478,24.26582,0.2344325,-1.860762,0.1001451,0.0,1.024,0.256,0.064,-31.77,1100100.0,2,-6.1427,300,50,0.0004,1.27e-08,1.223,4.816,220.4735,0.03071964,1.277343,100,100,31.25035,0.3,-0.968198,0.1371164,0.0392009,0.05266477,100,1000,10,3.21e-08,131.8389,-0.5588222,0.1200494,-2.170495,0.2014999,18.01997,1.036,0.01014276,100,237,-1.538121,0.01738977,100,20.81462,0.3,-0.798555,-2.246413,100,101.0,3,18.944,1.305,5.12
1.95,1.05e-07,2.944,2.0444,0.000657935,348.7449,33.84683,0.0642733,-2.374166,0.7770982,-1.024,1.024,0.256,0.064,-35.83,100100000000.0,2,45.8669,300,50,0.0004,1.95e-08,1.066,1.982,342.9536,0.06418252,1.143835,100,100,0.2572105,0.3,-1.397699,14995.23,0.01466644,0.09878868,100,1000,10,5.53e-08,37.1581,-0.661179,0.01820395,-5.795805,177.2028,60.86762,1.166,0.003662017,100,362,-1.501524,0.04396343,100,1549.793,0.3,-0.9215332,-1.502758,100,100100000000.0,3,17.408,1.28,6.144
1.775,4.89e-08,5.632,0.8428,0.2156694,63.30679,16.1149,0.4932169,-2.390578,0.2761364,-4.096,1.024,0.256,0.064,-48.44,11011100000.0,2,-82.5425,300,50,0.0016,1.14e-08,1.348,2.271,82.5993,0.1957214,0.4365762,100,100,30.37647,0.3,1.34011,0.9151416,0.1717844,0.05331427,100,1000,10,3.06e-08,306.9251,0.14301,0.05691337,-5.131265,23.12548,51.8087,1.208,0.0524441,100,483,-1.536668,0.07006931,100,25.04564,0.3,1.263749,-2.320906,100,10011000001.0,3,21.824,2.199,2.624
3.612,5.62e-08,16.128,1.2174,0.001601704,131.0607,14.88098,0.1369559,-8.148193,3141.393,-2.048,1.024,0.256,0.064,-48.33,1100.0,2,40.4775,300,50,0.05,1.39e-08,0.933,1.227,130.7056,0.1373889,0.5430225,100,100,459.7519,0.3,-1.261378,0.09178253,210.0658,0.07458121,100,1000,10,2.98e-08,172.9126,-1.253311,0.005405246,-11.93554,1174835.0,136.8437,1.081,0.001569333,100,481,-1.548055,0.08155167,100,5417.795,0.3,-1.297103,-10.17514,100,11101.0,3,11.648,0.604,-1.024
1.639,5.16e-08,18.176,2.3161,0.00073743,112.5573,12.03538,0.04811728,-4.87,0.0,-3.072,1.024,0.256,0.064,-32.5,11000000000.0,2,-8.993,300,50,0.05,1.24e-08,1.107,3.227,112.5709,0.04804337,0.9039272,100,100,54.69367,0.3,-1.533694,0.0626663,0.1169179,0.0605918,100,1000,10,2.73e-08,142.2984,-1.160509,0.07469107,-13.93125,2281781.0,7.877335,1.107,0.01171774,100,363,-1.808892,0.02322328,100,12.88988,0.3,-1.138624,-2.493523,100,11000000010.0,3,6.4,0.572,14.592
0.572,3.85e-08,1.984,1.5494,0.000583816,465.1933,38.65894,0.02180946,-1.779303,0.02873743,-1.024,1.024,0.256,0.064,-30.0,11010100.0,2,-54.4987,300,50,0.446,1.35e-08,1.268,2.635,1070.705,0.01663017,2.413038,100,100,169.2213,0.3,-1.094797,0.01770818,0.02520978,0.04581156,100,1000,10,2.09e-08,3.6174,-0.6438812,0.1617829,-1.932132,0.04540491,18.39342,1.271,0.003525674,100,481,-1.438641,0.006553888,100,10.13901,0.3,-0.7989069,-1.953728,100,11010001.0,3,5.376,0.572,1.344
0.572,5.7e-08,0.128,2.1118,0.001457389,322.211,16.91763,0.03116769,-2.43649,0.2741058,-1.024,1.024,0.256,0.064,-29.58,11010000000000.0,2,-10.7021,300,50,0.0001,2.99e-08,1.231,1.811,346.9114,0.02764952,4.406756,100,100,286.996,0.3,-1.043617,0.02269328,0.4496634,0.1259576,100,1000,10,2.91e-08,6.2233,-0.9646456,0.09411904,-4.380129,6.48079,12.88153,1.032,0.00855054,100,364,-1.658591,0.01481009,100,82.95204,0.3,-1.212525,-4.058342,100,10010000000000.0,3,4.352,0.362,1.344
3.916,3.31e-08,22.08,1.5022,0.001105078,184.7757,50.97723,0.1357058,-1.804653,0.1685937,-7.168,1.024,0.256,0.064,-55.73,1100100.0,2,-39.1072,300,50,0.0004,1.09e-08,1.055,1.619,314.9519,0.07811105,0.5188816,100,100,85.02413,0.3,-1.171958,0.09969413,0.1633906,0.05105486,100,1000,10,1.67e-08,330.7082,-0.4446562,0.0236268,-1.715298,0.3400692,93.08116,0.994,0.001969131,100,480,-1.454143,0.05515587,100,23.14476,0.3,4.23918,-1.652785,100,1100101.0,3,28.928,1.379,1.792
0.923,3.48e-08,0.96,1.88,0.001100258,213.8753,97.11063,0.1739315,-2.0,0.0,-1.024,1.024,0.256,0.064,-19.12,1000100000.0,2,-15.0316,300,50,0.0002,2.09e-08,1.121,1.309,263.7442,0.1525321,0.5414829,100,100,533.7058,0.3,-1.411757,0.08929884,29.13432,0.1233799,100,1000,10,1.98e-08,281.2891,-0.6616179,0.01581024,-2.546059,1759.072,76.20303,0.978,0.01073789,100,361,-1.636391,0.09577513,100,1093.307,0.3,-1.171,-4.97175,100,1000100001.0,3,5.376,1.086,0.512
2.111,5.79e-08,7.36,1.7357,0.002074656,26.54853,1.367109,0.08629835,-2.44561,0.08506799,-62.721,1.024,0.256,0.064,-79.17,11100000.0,2,49.7482,300,50,0.001,4.84e-09,1.238,2.465,67176.51,0.01614189,0.5282637,100,100,26796.69,0.3,-2.126892,0.0113411,26.77319,0.03641909,100,1000,10,3.1e-08,216.3249,-1.373677,0.05301775,-2.722929,0.7453482,12.13056,1.165,0.005650789,100,480,-1.82437,0.02041364,100,288601.3,0.3,-1.817465,-13.26185,100,1100101.0,3,46.337,0.724,1.024
12.586,4.67e-08,5.12,1.1991,0.02865218,43.05394,3.057457,0.2542472,-2.546744,0.1492178,-3.072,1.024,0.256,0.064,-28.96,11000000.0,2,15.8944,300,50,0.05,7.26e-09,1.118,1.647,55.63794,0.1290429,0.3564097,100,100,39.52257,0.3,-0.873409,0.1702566,0.2151186,0.04790923,100,1000,10,2.37e-08,229.9067,-0.7590839,0.03240956,-2.680296,293.9047,16.95462,1.17,0.01001412,100,481,-1.827389,0.07847214,100,32.90162,0.3,-1.094639,-2.839637,100,11010001.0,3,10.752,1.145,1.472
6.229,1.36e-07,14.464,1.7065,0.001220396,182.7618,10.45215,0.03240418,-2.366284,0.1602528,-2.048,1.024,0.256,0.064,-80.0,11100.0,2,10.4427,300,50,0.0013,9.7e-09,1.369,2.591,214.6327,0.01897645,1.994232,100,100,123.6832,0.3,-1.112567,0.02177727,0.07853532,0.03908126,100,1000,10,7.25e-08,229.7275,-0.841216,0.06960922,-2.348404,0.355031,29.46651,1.143,0.003856897,100,480,-1.484731,0.0113945,100,31.81221,0.3,-0.9911038,-2.325124,100,11101.0,3,16.384,1.448,11.264
1.81,4.84e-08,1.984,1.2552,0.02482511,44.31059,5.586758,0.2284228,-2.334998,0.1347055,-2.048,1.024,0.256,0.064,-20.83,11110100000000.0,2,28.3913,300,50,0.0005,1.23e-08,1.179,1.703,62.5761,0.0753485,0.773626,100,100,30.75512,0.3,-0.917268,0.1918789,0.1203888,0.06644277,100,1000,10,2.51e-08,99.5012,-0.6103462,0.1211284,-2.344683,0.1857971,11.56903,1.226,0.009060781,100,483,-1.819067,0.0336324,100,12.69129,0.3,-0.9090515,-2.449251,100,11100000000000.0,3,4.096,0.724,0.256
4.58,1.98e-07,11.136,1.2589,0.000126439,635.4435,23.15124,0.01224029,-2.216035,0.07805014,-270.34,1.024,0.256,0.064,-414.58,11100000000000.0,2,62.4272,300,50,0.0,7.19e-09,1.263,8.207,718.1688,0.01092625,1.405669,100,100,354.3285,0.3,-1.016554,0.009921551,0.07538772,0.01831278,100,1000,10,1.09e-07,250.1146,-0.7836695,0.05428326,-2.330791,0.2983212,88.87616,1.073,0.002057165,100,483,-1.350297,0.008912206,100,52.00201,0.3,-0.8621951,-2.156388,100,1100000000000.0,3,112.642,4.58,-185.347
0.724,2.28e-07,94.913,2.8114,0.000219049,1317.518,42.25854,0.008512914,-2.796243,0.09102607,-1.024,1.024,0.256,0.064,-45.31,100000000000.0,2,-28.1847,300,50,0.044,1.7e-08,1.147,2.828,1488.065,0.007983089,4.793386,100,100,904.4453,0.3,-1.067891,0.006931901,0.06460047,0.06782994,100,1000,10,7.69e-08,281.4865,-0.8286212,0.06003456,-2.209604,0.1142554,160.7659,1.068,0.001452062,100,362,-1.359856,0.008778691,100,100.1019,0.3,-0.9150692,-2.196918,100,100000000000.0,3,25.088,0.724,71.681
5.431,4.51e-08,9.344,1.1105,418304.5,33.97072,3.856998,0.6714373,-1.608094,0.03825974,-3.072,1.024,0.256,0.064,-32.5,10011000000000.0,0,37.7287,300,50,0.001,1.09e-08,1.192,1.299,171.6656,0.1140743,0.803271,100,100,16.36474,0.3,5.479,0.0,0.0,0.0541615,100,1000,10,2.62e-08,274.945,0.5788453,0.1607916,-1.994676,0.2372552,20.57584,1.055,0.01200822,100,487,-1.476402,0.0432744,100,22.44048,0.3,0.1142304,-2.0362,100,10011000001.0,3,7.424,0.572,2.048
1.056,3.22e-08,-0.128,1.5156,0.001243935,119.9223,6.461441,0.05232769,-2.630302,0.2198091,-1.024,1.024,0.256,0.064,-22.5,11100.0,3,-21.4242,300,50,0.001,8.92e-09,1.014,1.472,131.5953,0.04376864,0.8672618,100,100,102.7785,0.3,-1.121465,0.04392755,0.1948967,0.03700988,100,1000,10,1.76e-08,56.6538,-0.3891384,0.09982642,-2.135733,0.165534,16.80266,1.07,0.006487314,100,482,-1.581645,0.0211916,100,13.05539,0.3,-0.6688613,-2.228439,100,11101.0,3,23.296,0.362,180.48
2.612,5.3e-08,1.216,1.2794,0.000360079,690.9058,4569.549,0.06917179,-1.640477,0.0888188,-1.024,1.024,0.256,0.064,-16.0,1100000000000.0,0,-12.9318,300,50,0.01,1.64e-08,0.937,0.987,320181.7,0.02669621,0.6628482,100,100,38.76764,0.3,-1.49003,0.7371373,0.1014441,0.1766983,100,1000,10,2.89e-08,123.0738,-1.578901,0.009140988,-1.647558,0.2016369,13659.04,1.199,0.000712336,100,347,-1.622405,0.06335676,100,553.1392,0.3,-1.565571,-1.639857,100,1100000000000.0,3,8.32,0.345,1.344
6.557,2.11e-07,3.008,2.8185,0.01557981,55.39384,3.930946,0.2255061,-2.839467,0.3367367,-8.192,1.024,0.256,0.064,-84.38,1000100000.0,0,54.5445,300,50,0.05,1.6e-08,1.049,1.377,60.81437,0.1757433,0.7294169,100,100,61.28897,0.3,-1.151691,0.1768285,0.5999925,0.1428701,100,1000,10,1.19e-07,117.4461,2.439597,83.43307,-2.25803,0.1821118,8.020598,1.129,0.03872434,100,301,-1.845864,0.0712564,100,16.84323,0.3,0.1602954,-2.537516,100,1000100001.0,3,6.144,2.721,-3.072
1.778,4.08e-08,-1.152,1.9452,0.00417556,128.2527,30.25776,0.2148364,-4.90207,50.76259,-2.048,1.024,0.256,0.064,-6.08,1000000000.0,0,-29.1832,300,50,0.0,8.29e-08,0.958,1.071,120.7071,0.2764273,0.8748109,100,100,210.9354,0.3,-1.121586,0.1738052,15.11581,0.2240648,100,1000,10,2.49e-08,208.4679,-0.9315754,0.02211175,-4.595625,39.1496,42.80701,1.025,0.008097616,100,206,-1.652549,0.071823,100,122.4951,0.3,-1.185042,-3.498595,100,1000000010.0,3,1.152,0.462,-0.896
10.419,1.54e-07,3.264,1.0105,0.0004727,199.6489,24.27916,0.05132145,-1.934435,0.07371855,-6.144,1.024,0.256,0.064,-94.79,11100000.0,0,-19.6711,300,50,0.0,7.21e-09,1.168,2.397,304.8435,0.04605711,0.562395,100,100,96.84563,0.3,-0.9771304,0.06045008,0.1023666,0.0248204,100,1000,10,7.87e-08,335.3186,-0.9142231,0.008614845,-2.806014,3.46588,258.5681,1.06,0.001137988,100,447,-1.331783,0.04235935,100,257.0066,0.3,-1.016056,-2.905295,100,11100001.0,3,68.865,3.661,14.976
4.382,3.63e-08,7.232,1.0309,0.000927263,376.5668,137.6871,0.1330001,-1.557335,0.05898716,-2.048,1.024,0.256,0.064,-38.33,11110100000000.0,0,33.9317,300,50,0.0001,1.36e-08,1.051,1.437,5095.763,0.03166023,0.5345441,100,100,126.509,0.3,-0.9033633,0.1118112,0.05997226,0.0504791,100,1000,10,1.82e-08,66.0387,-0.8920526,0.007179506,-1.540759,0.1699567,697.2038,1.149,0.000453921,100,482,-1.313206,0.04449394,100,219.9463,0.3,-0.9799501,-1.55658,100,11100000000000.0,3,18.176,1.305,3.84
0.923,1.14e-07,7.936,2.3522,0.01620014,60.0793,3.848751,0.1195379,-2.423672,0.09205273,-13.312,1.024,0.256,0.064,-31.42,11000000000.0,0,12.2424,300,50,0.0002,1.42e-08,1.18,1.305,76.74815,0.06161428,1.279593,100,100,42.63852,0.3,-0.9075559,0.1150514,0.1059766,0.08036808,100,1000,10,5.83e-08,88.2704,-0.48994,0.166909,-6.226477,44.35542,8.963982,0.924,0.02670395,100,328,-1.623814,0.01838279,100,23.0662,0.3,-0.8295875,-3.727592,100,11000000010.0,3,6.016,0.181,3.008
1.717,3.95e-08,-0.768,1.073,0.00673396,101.2375,13.85777,0.2445428,-4.900137,18.67444,-3.072,1.024,0.256,0.064,-17.33,11100000000.0,0,86.16,300,50,0.0013,3.21e-08,1.129,1.209,98.03851,0.3077416,0.541834,100,100,425.9663,0.3,-0.9189253,0.2113289,1154.238,0.1113776,100,1000,10,2.19e-08,85.7259,-0.6720918,0.01555353,-3.133094,3.88983,25.21344,1.02,0.008097065,100,443,-1.616647,0.08769369,100,1354.18,0.3,-1.028644,-17.77472,100,11100000010.0,3,2.048,1.145,-1.536
13.029,3.27e-07,10.56,1.1519,0.000916841,209.9496,42.30806,0.09077144,-1.614677,0.04154444,-6.144,1.024,0.256,0.064,-180.0,1100000000000.0,0,-39.7686,300,50,0.05,7.66e-09,1.062,1.403,2438.841,0.0212115,0.6125445,100,100,75.43943,0.3,-1.166445,0.07023859,0.04840338,0.03605377,100,1000,10,1.78e-07,163.0757,-1.391503,0.006593548,-1.519067,0.2214661,7938.082,1.088,0.000570174,100,446,-1.461553,0.0584718,100,601133.8,0.3,-1.426936,-11.26805,100,1100000000000.0,3,38.913,1.741,7.68
8.809,2.43e-07,0.704,2.1133,0.008411366,52.75072,3.718376,0.1737603,-2.921377,0.4151618,-12.288,1.024,0.256,0.064,-126.67,100000000000.0,0,57.6302,300,50,0.001,1.13e-08,1.055,1.222,56.98061,0.1284679,0.6470532,100,100,57.73096,0.3,-1.264834,0.1483748,0.4012187,0.1039411,100,1000,10,1.3e-07,119.8433,-0.02879892,0.2146492,-20.40295,161055000.0,5.775894,1.117,0.1267971,100,325,-1.954632,0.09287202,100,54.28534,0.3,-0.7527751,-5.172334,100,100000000000.0,3,23.04,3.278,-9.728
3.238,1.24e-06,7.488,10.5135,0.00013355,824.9874,5.447545,0.001843404,-2.828635,0.03237887,0.0,1.024,0.256,0.064,-285.42,10011000.0,0,72.5013,300,50,0.0013,7.58e-09,7.253,8.953,867.1614,0.001692048,9.81298,100,100,513.676,0.3,-1.095455,0.001510128,0.01484471,0.0251719,100,1000,10,6.59e-07,206.461,-0.4544695,1.697316,-3.127539,0.04478148,6.003261,4.275,0.006414942,100,483,-1.251526,0.001863487,100,6.876501,0.3,-0.5862507,-2.720952,100,10011001.0,3,4.096,1.448,6.144
0.916,1.54e-07,25.6,1.8285,0.000417024,381.0694,14.57083,0.01561415,-2.181103,0.0669055,-12.288,1.024,0.256,0.064,-90.0,11011000000.0,0,-13.8031,300,50,0.05,9.9e-09,1.747,2.436,452.9242,0.01191545,2.526322,100,100,194.4908,0.3,-0.9721746,0.01254564,0.04122901,0.03091613,100,1000,10,8.03e-08,111.0631,-0.7346693,0.1618259,-2.129988,0.07980943,33.40454,1.202,0.003377661,100,486,-1.381264,0.005493522,100,17.98373,0.3,-0.8378367,-2.076014,100,10011000001.0,3,6.848,0.181,23.872
1.864,1.2e-07,3.264,1.3777,0.000711691,121.1838,6.942412,0.04842311,-24.20768,78944800000.0,-13.312,1.024,0.256,0.064,-96.25,10100100000000.0,0,28.7056,300,50,0.05,5.17e-09,1.228,1.443,120.441,0.04882717,0.5776718,100,100,93.9095,0.3,-1.218134,0.05282748,0.2946584,0.02755924,100,1000,10,6.89e-08,125.4537,0.2276132,0.06302762,-2.894047,0.6389177,21.50555,0.99,0.007903539,100,447,-1.308817,0.02415717,100,22.53248,0.3,0.05447555,-2.527962,100,11100000000000.0,3,25.856,1.557,3.904
1.639,4.6e-08,3.776,1.5305,0.000344381,305.9518,160.2304,0.07599305,-18.62645,22302080000.0,-35.84,1.024,0.256,0.064,-20.75,1100000.0,0,62.1064,300,50,0.05,1.62e-08,1.105,1.796,284.9898,0.0654403,0.3989227,100,100,909.0597,0.3,-1.633525,0.04893379,222.1888,0.05469632,100,1000,10,2.45e-08,42.5684,-1.099199,0.0122169,-12.28052,1382697.0,44.5752,1.021,0.004321856,100,318,-1.655159,0.07857418,100,410.0909,0.3,-1.274331,-5.308465,100,1100001.0,3,7.68,0.724,2.816
6.192,6.26e-08,-1.344,1.1445,2.085492,28.93878,8.234922,0.5639118,-2.253886,0.1823583,-2.048,1.024,0.256,0.064,-28.25,11010100.0,0,27.7041,300,50,0.07,1.65e-08,1.024,1.032,57.72622,0.2501501,0.3739531,100,100,19.81186,0.3,-0.6505031,1.809341,0.4482245,0.1273065,100,1000,10,4.24e-08,38.4282,0.4512867,0.6669221,-2.26459,0.2785177,12.38603,1.06,0.006509437,100,444,-1.893079,0.09663558,100,17.90113,0.3,0.5567125,-2.367454,100,11010001.0,3,2.048,1.379,-1.28
6.192,1.21e-07,3.712,4.6918,60.23346,9.698187,7.461737,14.57598,-2.453368,0.03650284,-1.024,1.024,0.256,0.064,-63.75,1000000000.0,0,64.6363,300,50,0.0004,3.19e-09,1.309,2.135,15.16798,0.0,0.001066983,100,100,79.64143,0.3,-2.636369,0.1952915,0.2043754,0.03137656,100,1000,10,6.37e-08,11.357,0.06306185,1.897733,-1.719723,0.04954576,75.72171,1.091,0.000578454,100,482,-1.71508,0.04573596,100,582.3508,0.3,-1.7447,-1.655464,100,11100001.0,3,18.688,1.81,3.84
1.81,2.62e-07,83.521,1.5483,0.3549603,23.16288,0.8086395,0.1830881,-2.005516,0.03259695,-2.048,1.024,0.256,0.064,-212.5,11010000.0,0,-64.7151,300,50,0.001,2.4e-09,4.01,6.866,84.55016,0.01082039,0.9786411,100,100,171.1205,0.3,-1.7816,0.008832693,0.270536,0.01701373,100,1000,10,1.4e-07,217.1823,-1.407052,0.03213625,-5.037653,45.59945,7.172424,1.098,0.004230961,100,441,-1.854106,0.02488637,100,111.8524,0.3,-1.618809,-5.206053,100,11010001.0,3,94.977,1.846,42.497
2.996,6.44e-08,4.016,1.2826,0.000879094,217.6391,40.88432,0.07416952,-2.084611,0.2288168,-6.144,1.024,0.256,0.064,-131.25,1011100.0,0,-60.5363,300,50,0.001,1.08e-08,1.075,1.992,274.1898,0.05523515,0.7668837,100,100,98.29916,0.3,-0.9671379,0.08290338,0.1612295,0.04105532,100,1000,10,3.78e-08,165.9453,-0.4724143,0.02834856,-1.626761,0.1254777,87.65192,1.029,0.00267295,100,448,-1.3531,0.03435588,100,31.25221,0.3,-0.7242613,-1.681863,100,11101.0,3,17.92,0.81,4.08
0.091,1.5e-07,1.344,5.3872,0.002122283,325.735,3.507965,0.008404165,-2.531708,0.03393006,0.0,1.024,0.256,0.064,-4.95,11100.0,0,-10.5929,300,50,0.45,3.26e-08,2.131,2.335,369.0532,0.006459177,20.49317,100,100,198.6557,0.3,-0.6191729,0.007131577,0.02197075,0.09371049,100,1000,10,7.52e-08,229.0861,-0.05369397,1.186134,-2.751562,0.03981233,5.451599,1.516,0.007947698,100,484,-1.232582,0.001609445,100,5.226868,0.3,-0.2684827,-2.635951,100,11101.0,3,1.536,0.091,1.728
0.462,1.11e-07,108.098,1.1772,0.0002127,268.7265,18.30995,0.02243652,-9.12775,5122.594,-2.048,1.024,0.256,0.064,-26.04,11100000.0,0,-38.284,300,50,0.05,7.87e-09,1.176,2.015,266.1054,0.02125025,0.8688412,100,100,395.7028,0.3,-1.386053,0.01473236,2.996215,0.02476341,100,1000,10,5.7e-08,273.4853,-1.030578,0.02570482,-13.37109,622859.4,65.40445,1.025,0.001957865,100,448,-1.436386,0.01800382,100,111.1082,0.3,-1.138761,-3.009759,100,11100001.0,3,73.985,0.32,33.281
0.572,1.34e-07,0.128,1.5606,0.000671273,366.8909,16.29504,0.01992905,-2.464065,0.1859193,-1.024,1.024,0.256,0.064,-43.75,10010000000000.0,3,51.5447,300,50,0.0,1.78e-08,1.031,1.101,397.7636,0.01784235,3.227654,100,100,239.5934,0.3,-1.044247,0.01634216,0.1201251,0.06173249,100,1000,10,6.69e-08,232.9246,-0.5983952,0.08455653,-1.940338,0.07302916,32.05264,1.015,0.003212787,100,486,-1.387271,0.008340597,100,19.14346,0.3,-0.7539919,-1.962642,100,10011000001.0,3,8.192,0.572,2.368
0.572,1.19e-07,22.4,2.6806,0.000927832,178.0855,4.030945,0.009639144,-2.304559,0.03372955,-3.072,1.024,0.256,0.064,-41.67,10011000000000.0,0,-64.429,300,50,0.001,8.91e-09,1.855,4.486,221.103,0.006177545,5.707891,100,100,126.7345,0.3,-1.339947,0.007467389,0.02682948,0.04567807,100,1000,10,6.76e-08,117.6701,-0.7938381,0.3240464,-2.659619,0.1337907,11.10458,1.221,0.006302714,100,485,-1.487357,0.004237533,100,14.15494,0.3,-0.9495064,-2.582592,100,10011000000000.0,3,9.728,0.362,21.504
1.243,7.48e-08,4.992,2.1299,0.01407696,121.2054,5.82589,0.09329259,-2.416432,0.09636641,-1.024,1.024,0.256,0.064,-37.25,1100.0,0,41.0043,300,50,0.002,1.98e-08,1.219,1.308,152.6597,0.05472404,2.641653,100,100,75.54703,0.3,-0.2352874,0.09838758,0.09530258,0.08396468,100,1000,10,5.05e-08,145.6154,0.6408801,0.7379238,-2.501325,0.1472905,7.854477,1.101,0.03171103,100,326,-1.518618,0.01752734,100,9.004215,0.3,0.2445552,-2.605373,100,1101.0,3,5.12,0.272,3.456
0.716,6.54e-08,6.08,2.0802,0.002246136,86.14947,4.099892,0.03498566,-2.252489,0.05515289,-1.024,1.024,0.256,0.064,-13.62,11100000000000.0,0,-25.1981,300,50,0.01,1.06e-08,1.228,1.953,113.4409,0.01976991,1.87812,100,100,51.48789,0.3,-1.226996,0.03869855,0.04476118,0.04163465,100,1000,10,3.58e-08,284.2485,-0.8443602,0.2718276,-2.891417,0.213295,3.195953,1.14,0.0163147,100,447,-1.758875,0.009913087,100,8.75116,0.3,-1.1162,-2.917863,100,11100000000000.0,3,5.056,0.091,2.304
8.719,3.16e-08,7.104,0.7983,0.002406138,122.4319,31.43538,0.1764774,-2.429174,0.6778903,-6.144,1.024,0.256,0.064,-40.83,11011100000000.0,3,-27.0906,300,50,0.0006,1.89e-08,1.018,1.074,141.4426,0.1481358,0.5244462,100,100,63.09375,0.3,-0.8437738,0.260857,0.4720209,0.07195654,100,1000,10,1.74e-08,139.5582,-0.5648388,0.01539455,-2.16972,301.3955,83.02654,1.042,0.00255449,100,484,-1.506429,0.06400108,100,42.73015,0.3,-0.6859567,-2.098655,100,1010100000000.0,3,10.24,0.572,0.0
11.585,1.22e-07,5.44,0.944,0.00253777,116.1733,15.88846,0.1154748,-1.786028,0.04965377,-76.8,1.024,0.256,0.064,-126.25,11011100.0,0,67.0329,300,50,0.001,6.96e-09,1.187,2.577,241.9241,0.04911983,0.6146833,100,100,44.95587,0.3,-0.5986828,0.1539262,0.05151713,0.02824172,100,1000,10,6.8e-08,115.5985,-0.4474036,0.02027602,-1.760229,0.5238825,48.80696,1.191,0.003890701,100,359,-1.420829,0.04943883,100,40.02416,0.3,-0.7307543,-1.852403,100,10010001.0,3,46.081,5.793,-37.889
2.005,1.18e-07,0.0,2.9432,0.002234652,196.6831,25.29817,0.1065249,-16.81641,51755720.0,-5.12,1.024,0.256,0.064,-20.42,100100000000.0,0,-18.8535,300,50,0.0013,3.6e-08,1.038,1.081,197.5819,0.1051619,1.520969,100,100,247.5191,0.3,-1.356781,0.07670951,11.2065,0.2191825,100,1000,10,4.86e-08,339.3092,-0.4907367,0.1337514,-2.436403,0.417865,16.4533,1.106,0.01427825,100,363,-1.64743,0.02471471,100,24.82,0.3,-0.8354529,-2.652218,100,100100000000.0,3,6.016,5.44,0.0
0.231,1.21e-07,4.48,4.3204,0.000663525,257.4033,12.11981,0.01890111,-2.31872,0.09381723,-1.024,1.024,0.256,0.064,-51.87,1000.0,0,37.7845,300,50,0.0005,1.33e-08,1.23,2.313,289.5822,0.01625478,2.709114,100,100,179.9976,0.3,-1.294343,0.01556802,0.09300137,0.06000064,100,1000,10,6.22e-08,72.6384,-0.5478179,0.2208048,-2.432003,0.09221244,18.98682,1.156,0.006519154,100,238,-1.454599,0.005627871,100,17.86714,0.3,-0.7218633,-2.440985,100,1001.0,3,21.184,0.091,5.056
2.36,8.14e-08,128.706,1.2485,0.000139453,691.0065,58.23737,0.01754272,-3.539906,16.15724,-11.264,1.024,0.256,0.064,-85.0,11110100000000.0,0,-12.4876,300,50,0.05,8.75e-09,1.155,2.199,691.8573,0.01752639,0.9918889,100,100,1387.174,0.3,-1.305452,0.01397526,27.83406,0.02897998,100,1000,10,4.45e-08,22.1933,-0.9986334,0.03248065,-4.444951,17.00601,80.51877,1.072,0.001924157,100,482,-1.424843,0.01507103,100,345.3408,0.3,-1.130175,-3.729409,100,11010000000000.0,3,80.129,6.931,51.969
2.064,4.47e-08,0.576,1.3502,0.000599208,533.7734,112.7912,0.04621482,-2.036804,0.4716027,-1.024,1.024,0.256,0.064,-23.12,11011100000.0,0,-17.1183,300,50,0.0006,3.1e-08,1.023,1.241,577.6343,0.04155517,1.390766,100,100,251.8475,0.3,-1.296906,0.03540587,0.4877667,0.08292557,100,1000,10,2.42e-08,84.2903,-1.266816,0.02929553,-2.211583,6.172116,236.7721,1.053,0.001844918,100,485,-1.483787,0.01788115,100,195.4112,0.3,-1.316312,-2.391488,100,11001000010.0,3,4.352,0.572,1.024
12.13,6.4e-08,6.08,1.6891,0.01043641,69.47841,10.72259,0.1905073,-2.091635,0.08071064,-4.096,1.024,0.256,0.064,-58.33,100100.0,0,20.9684,300,50,0.0,1.4e-08,1.019,1.094,130.2422,0.06533122,0.9049557,100,100,35.27816,0.3,-0.9009863,0.2291403,0.0986352,0.07503606,100,1000,10,3.32e-08,79.1331,-0.3376842,0.140734,-2.240301,0.2773299,15.7219,1.137,0.01346279,100,362,-1.736244,0.04421544,100,14.06897,0.3,-0.4898055,-2.276856,100,100101.0,3,7.936,0.724,3.584
3.999,4.78e-08,-3.584,1.1797,0.000312636,326.5507,138.2485,0.09892547,-16.29688,116303100.0,-49.152,1.024,0.256,0.064,-100.0,11000000000000.0,3,34.4304,300,50,0.01,1.18e-08,0.979,1.191,317.03,0.09011614,0.2832723,100,100,972.8865,0.3,-1.488218,0.06639233,440.5856,0.0446627,100,1000,10,2.55e-08,117.189,-1.444646,0.002840806,-2.0366,3.444066,19265.7,1.158,0.000435106,100,480,-1.516897,0.09582829,100,78404.74,0.3,-1.393612,-15.10628,100,11000000000000.0,3,57.088,5.526,-21.76
2.996,5.09e-08,9.728,0.9786,0.000415343,208.8682,34.72857,0.05913783,-2.681372,0.9169436,-5.12,1.024,0.256,0.064,-63.12,11010000000000.0,3,-17.7698,300,50,0.001,8e-09,1.106,1.861,218.5893,0.05006206,0.4663842,100,100,204.6462,0.3,-1.395249,0.04057634,2.120929,0.02914343,100,1000,10,2.9e-08,123.0329,-0.7098443,0.01961548,-2.40729,4.145556,68.63374,1.049,0.003098662,100,483,-1.463021,0.03144264,100,51.64238,0.3,-0.8061213,-2.152456,100,11010000000000.0,3,23.808,0.923,8.704
0.572,4.16e-08,0.832,1.7044,0.006316118,119.3859,2.63829,0.03931591,-3.853243,1.199809,-1.024,1.024,0.256,0.064,-15.94,1100000000000.0,0,-24.7378,300,50,0.001,2.39e-08,1.03,1.071,121.1111,0.03586149,3.817561,100,100,125.5895,0.3,-0.7897203,0.03339505,0.2808196,0.08731493,100,1000,10,2.18e-08,152.2295,0.03309076,0.4314881,-3.781988,0.7692082,4.145599,1.037,0.03988743,100,483,-1.540955,0.01149476,100,12.8958,0.3,-0.478788,-3.890055,100,1100000000000.0,3,4.096,0.572,1.792
0.362,3.27e-08,0.64,1.3787,0.00745777,117.4481,6.458504,0.1003964,-2.867576,0.4827375,-1.024,1.024,0.256,0.064,-11.67,11000000000.0,0,58.9626,300,50,0.0009,2.89e-08,0.933,0.999,125.4316,0.08692884,1.85114,100,100,111.4558,0.3,-0.801757,0.07810551,0.5516915,0.1067742,100,1000,10,1.67e-08,85.929,-0.1132362,0.1113499,-2.914453,0.8176441,15.05743,1.121,0.0154374,100,362,-1.498475,0.02098608,100,22.30662,0.3,-0.5048453,-3.089321,100,11000000010.0,3,2.176,0.143,0.64
5.473,6.36e-08,8.896,1.3498,0.000972303,139.4526,10.31381,0.05044651,-13.72695,1080067.0,-5.12,1.024,0.256,0.064,-67.71,11010000000000.0,0,-9.6664,300,50,0.0001,7.63e-09,1.098,1.262,137.197,0.05806363,0.7212709,100,100,455.2196,0.3,-1.295788,0.03790686,62.43125,0.04232687,100,1000,10,3.58e-08,146.6771,-0.5240326,0.04178376,-2.631181,5.827134,20.79799,0.89,0.01023644,100,483,-1.614518,0.04247558,100,32.06594,0.3,-0.8446712,-2.779388,100,11010000000000.0,3,11.776,0.724,3.84
0.607,3.3e-08,-0.192,1.9159,0.1829253,27.8143,6.640205,0.5374551,-1.891174,0.07405281,-1.024,1.024,0.256,0.064,-6.67,11000.0,3,-16.3017,300,50,0.033,3.08e-08,1.004,1.023,181.7697,0.114367,0.9486682,100,100,10.18528,0.3,1.357946,10.03044,0.07816637,0.1773491,100,1000,10,2.09e-08,188.7474,0.4585195,2.292287,-1.871837,0.07347906,7.146687,1.143,0.005718574,100,359,-1.738249,0.03873599,100,11.11411,0.3,0.562352,-1.924564,100,11001.0,3,0.768,0.264,0.0
0.264,2.7e-08,1.472,1.6967,0.0270775,122.6534,10.95879,0.4182584,-2.590923,3.617894,-1.024,1.024,0.256,0.064,-15.0,100100.0,3,9.5348,300,50,0.0011,3.71e-08,1.155,1.209,148.5474,0.10925,2.000023,100,100,112.7648,0.3,-0.7136501,0.1092792,0.4964421,0.1528207,100,1000,10,1.71e-08,68.7467,0.02089646,0.0840476,-5.737813,18.61441,13.23521,1.073,0.015929,100,358,-1.477442,0.02690518,100,31.16708,0.3,-0.3236584,-3.383871,100,100101.0,3,1.536,0.181,0.448
2.429,8.91e-08,12.608,1.3644,0.000735652,293.0999,17.98215,0.02806282,-1.965969,0.05182135,-2.048,1.024,0.256,0.064,-64.38,11010000.0,3,-34.8079,300,50,0.0016,8.77e-09,1.137,1.489,418.7392,0.01795721,1.949549,100,100,134.3385,0.3,-0.9496671,0.02448988,0.04042423,0.03658397,100,1000,10,5.19e-08,53.4605,-0.6554416,0.06468754,-2.297178,0.1763125,35.01279,1.022,0.002638455,100,477,-1.352667,0.008250952,100,33.83881,0.3,-0.8166981,-2.344385,100,11010001.0,3,8.192,0.724,11.264
0.923,3.51e-08,0.128,1.4775,0.0016497,179.0658,10.06595,0.04552185,-10.26742,11710.62,-1.024,1.024,0.256,0.064,-15.25,10011000000000.0,3,84.6399,300,50,0.001,2.09e-08,1.054,1.185,178.2984,0.05321437,2.048507,100,100,193.245,0.3,-1.069379,0.04274821,0.9086511,0.09612598,100,1000,10,1.93e-08,102.495,-0.5241858,0.08734064,-8.262344,594.6045,11.38359,1.096,0.007407755,100,479,-1.490506,0.012303,100,42.24179,0.3,-0.8095261,-3.58075,100,10011000000000.0,3,3.133,0.768,0.003
1.717,6.28e-08,-0.192,1.5245,0.007989432,92.11484,28.7276,0.2786348,-1.969501,0.2347429,-8.192,1.024,0.256,0.064,-22.92,11100100000000.0,3,70.3916,300,50,0.0011,2.49e-08,1.134,1.203,182.0705,0.1060616,0.8692667,100,100,45.66321,0.3,-0.92434,0.2498061,0.1786525,0.1031449,100,1000,10,3.15e-08,319.1273,-1.035487,0.01709367,-3.312663,7.812786,60.70581,1.123,0.002682741,100,361,-1.536191,0.03941417,100,13547.13,0.3,-1.245296,-34.85751,100,1100000000000.0,3,11.008,3.874,-0.256
4.891,3.72e-08,1.536,1.1273,0.002386543,178.354,19.283,0.155467,-2.058786,0.1662433,-2.048,1.024,0.256,0.064,-41.67,11100.0,3,43.411,300,50,0.05,1.44e-08,1.068,1.305,257.5836,0.1076274,0.7134259,100,100,118.8631,0.3,-0.6297128,0.1117439,0.2327008,0.05326147,100,1000,10,2.03e-08,190.8682,1.020998,0.07804997,-1.949084,0.4425455,29.56773,1.052,0.006069951,100,361,-1.372408,0.04963923,100,32.92244,0.3,0.2457937,-2.122651,100,1101.0,3,16.384,1.28,4.096
1.557,2.98e-08,2.56,1.0293,0.001391918,183.0128,28.65834,0.09012961,-2.221711,0.4398146,-1.024,1.024,0.256,0.064,-23.12,10011000000000.0,3,-29.8935,300,50,0.05,1.93e-08,1.051,1.176,225.4318,0.06925631,0.954699,100,100,138.7059,0.3,-1.218428,0.06169224,0.4199138,0.07413356,100,1000,10,1.61e-08,266.4743,-0.9519915,0.02027395,-8.476257,5190.972,28.12119,0.992,0.00416318,100,486,-1.593496,0.03900468,100,2950.232,0.3,-1.221518,-27.46678,100,10011000010.0,3,3.84,0.572,1.536
0.143,1.28e-07,2.144,2.0358,0.001648694,347.1643,7.897125,0.01381653,-2.60086,0.1021128,0.0,1.024,0.256,0.064,-23.75,11100000000000.0,3,34.5897,300,50,0.0005,3.17e-08,1.767,2.006,378.9971,0.01048243,10.30734,100,100,210.9769,0.3,-0.8261181,0.01153714,0.04490185,0.09832714,100,1000,10,6.46e-08,152.2764,-0.4062731,0.3892051,-2.540754,0.09228587,9.993988,1.398,0.008484811,100,362,-1.430538,0.006752211,100,9.592728,0.3,-0.5779811,-2.41928,100,1000000000000.0,3,4.416,0.143,1.888
0.81,5.53e-08,11.136,2.075,0.000640944,428.7387,21.0563,0.01830173,-2.108333,0.05751586,-2.048,1.024,0.256,0.064,-28.33,11000000000.0,3,-36.929,300,50,0.001,1.6e-08,1.411,3.028,543.009,0.01261777,3.229887,100,100,184.6422,0.3,-0.9459493,0.01591224,0.03298902,0.0470426,100,1000,10,3.03e-08,333.1533,-0.6716088,0.1183522,-2.185592,0.0837779,34.57434,1.212,0.003227718,100,361,-1.362097,0.006102204,100,23.21161,0.3,-0.7765229,-2.128407,100,11000000010.0,3,6.4,0.572,7.936
1.072,4.85e-08,0.512,1.5567,0.005210979,64.60679,5.907547,0.09779596,-2.431415,0.1824112,0.0,1.024,0.256,0.064,-13.96,10011000000000.0,3,-36.9894,300,50,0.12,1.82e-08,0.966,1.016,78.44886,0.05809856,1.385002,100,100,55.59552,0.3,-1.386953,0.07806873,0.1517937,0.1002661,100,1000,10,2.46e-08,270.426,-0.7650297,0.223845,-2.768522,0.2798607,3.79319,1.096,0.02391106,100,482,-1.915965,0.0212183,100,8.666607,0.3,-1.109954,-2.929735,100,10011000000000.0,3,2.304,0.362,0.576
3.974,5.86e-08,5.056,1.2189,0.005852828,148.3135,18.26552,0.2777175,-2.158425,0.198478,-2.048,1.024,0.256,0.064,-57.81,10011000000000.0,3,43.2487,300,50,0.05,1.18e-08,1.224,2.253,208.532,0.1409189,0.6604146,100,100,99.54613,0.3,-0.3203302,0.2077784,0.2586789,0.05697073,100,1000,10,3.08e-08,317.5006,1.73014,0.3839247,-1.698827,0.2329267,35.46854,1.077,0.0040579,100,483,-1.415111,0.06562269,100,43.24904,0.3,1.284601,-1.767399,100,11010000010.0,3,21.504,1.95,5.376
5.753,2.84e-07,17.088,1.4057,0.000287468,281.2231,17.10788,0.01675737,-2.130837,0.0939343,-3.072,1.024,0.256,0.064,-98.96,11000.0,3,-52.3663,300,50,0.0014,6.11e-09,1.36,5.023,338.6978,0.01263952,1.285933,100,100,157.3003,0.3,-1.329,0.01480555,0.07746673,0.0215864,100,1000,10,1.51e-07,329.5217,-0.8433983,0.04265036,-2.128292,0.3317983,50.88795,1.136,0.002833307,100,361,-1.462084,0.01706493,100,38.95747,0.3,-0.9649983,-2.097487,100,11001.0,3,32.001,0.923,17.152
1.145,6.1e-08,0.384,1.3695,0.000601053,201.4024,24.47328,0.04735708,-1.954743,0.09463394,-1.024,1.024,0.256,0.064,-45.0,11010000000000.0,3,28.4889,300,50,0.0005,8.69e-09,1.053,2.134,281.8397,0.03392041,0.871596,100,100,118.6109,0.3,-1.354967,0.03091335,0.1046181,0.0387036,100,1000,10,3.53e-08,90.4834,-0.8553781,0.04509535,-2.048722,0.1927848,31.14519,1.14,0.003478415,100,482,-1.503613,0.01816702,100,25.40742,0.3,-1.026371,-2.142974,100,11010000000000.0,3,108.034,0.572,3.84
4.382,3.11e-08,3.904,1.0419,0.004219495,118.6465,50.3334,0.2809638,-13.26562,142116.7,-2.048,1.024,0.256,0.064,-37.5,11100000.0,3,-50.9918,300,50,0.0006,2.97e-08,1.078,1.289,118.4973,0.2016814,0.4271865,100,100,66.21308,0.3,-0.1399672,0.2962853,0.4459155,0.04442705,100,1000,10,1.69e-08,250.6046,0.01858217,0.02061376,-12.44063,182486.5,30.57074,1.019,0.03025982,100,483,-1.50702,0.1580998,100,1856.648,0.3,-0.2832562,-38.89709,100,11100001.0,3,21.248,1.145,5.376
0.81,1.5e-07,16.576,2.3206,0.0003058,355.1942,9.876739,0.009913445,-2.231822,0.04756474,-15.36,1.024,0.256,0.064,-136.67,11010000000000.0,3,20.1139,300,50,0.5,6.47e-09,1.233,2.765,428.5726,0.007553339,2.707636,100,100,204.6008,0.3,-1.122669,0.007765174,0.03389335,0.02459484,100,1000,10,8.03e-08,109.6901,-0.751977,0.2869022,-2.255389,0.06687522,15.27154,1.233,0.00484249,100,480,-1.423895,0.004411817,100,11.91623,0.3,-0.8889272,-2.241976,100,11010000000000.0,3,55.041,1.305,13.824
0.923,3.88e-08,2.944,1.1844,0.002009569,111.0276,12.43951,0.09898472,-4.491007,16.98335,-2.048,1.024,0.256,0.064,-12.25,11011100000000.0,3,-33.017,300,50,4.44,2.94e-08,0.957,1.013,111.2548,0.09857345,0.763109,100,100,119.6966,0.3,-1.366312,0.09356761,2.13766,0.08663517,100,1000,10,2.01e-08,212.0396,-0.1477841,0.127434,-2.630126,0.5063026,10.32464,1.014,0.02289607,100,480,-1.614709,0.03117645,100,19.72482,0.3,-0.505437,-2.707871,100,1010100000000.0,3,3.584,0.724,0.256
8.693,6.87e-08,4.224,1.3561,0.000718915,998.4908,4625.175,0.1746576,-1.611608,0.3198296,-47.104,1.024,0.256,0.064,-63.12,1100000.0,3,-2.6358,300,50,0.05,1.58e-08,1.041,1.313,43192.77,0.04652,0.3616959,100,100,264.875,0.3,-1.529214,0.08989892,3.751517,0.07144522,100,1000,10,3.92e-08,84.2068,-1.069087,0.00436616,-2.285885,2571.82,1806.266,1.106,0.00077469,100,360,-1.403166,0.08952391,100,265.0932,0.3,-1.094452,-2.023841,100,1100001.0,3,50.944,4.471,7.168
0.572,1.85e-07,188.707,4.0872,0.000153055,471.4631,6.44516,0.004351914,-2.181805,0.02017593,-44.001,1.024,0.256,0.064,-87.5,11010000.0,3,-19.1915,300,50,0.0008,5.54e-09,4.291,9.28,550.5272,0.003932416,3.286313,100,100,229.2731,0.3,-1.02076,0.004024029,0.01389122,0.01439604,100,1000,10,9.78e-08,51.6957,-0.5019029,0.7300962,-2.04933,0.01969171,15.19769,2.572,0.003954411,100,482,-1.262033,0.001755118,100,7.470566,0.3,-0.5931694,-1.992912,100,11010001.0,3,12.032,0.362,192.291
0.923,3.52e-08,14.144,0.9912,0.000385191,277.4902,21.3526,0.03633702,-2.6519,1.504112,-2.048,1.024,0.256,0.064,-45.62,11110100.0,3,14.2104,300,50,0.0006,9.98e-09,1.153,2.043,290.7479,0.03256655,0.821448,100,100,196.3,0.3,-1.148096,0.03053021,0.3809171,0.02892254,100,1000,10,1.94e-08,121.0777,-0.7675132,0.02500002,-4.488411,22.43604,36.90533,1.304,0.003532898,100,482,-1.474497,0.0286262,100,7789.408,0.3,-1.071069,-50.16008,100,1100101.0,3,14.08,0.572,9.728
21.723,2.48e-07,9.984,1.6377,0.001888371,71.38837,4.175407,0.08785904,-2.819347,0.9033592,-62.464,1.024,0.256,0.064,-135.83,11000100000.0,3,57.9349,300,50,0.005,6.56e-09,1.043,3.281,75.85142,0.05837023,0.4652094,100,100,70.55442,0.3,-1.272507,0.0691278,0.285187,0.03049089,100,1000,10,1.31e-07,6.1642,-1.018988,0.02114122,-2.028896,3.246361,58.73652,1.077,0.004608617,100,483,-1.694351,0.06172252,100,121.9343,0.3,-1.176283,-2.070247,100,11000100010.0,3,45.569,2.757,-11.776
1.493,4.67e-08,6.976,1.2863,0.001376887,169.0234,14.42115,0.08587098,-19.19174,412864700.0,-5.12,1.024,0.256,0.064,-29.69,11100.0,3,-37.9242,300,50,0.0005,1.15e-08,1.093,1.183,169.7206,0.08364666,0.7586913,100,100,191.6377,0.3,-1.029613,0.06389451,2.973384,0.05305604,100,1000,10,2.61e-08,68.6889,-0.5176876,0.03300422,-11.96093,154897.1,27.06123,0.971,0.006302994,100,480,-1.452412,0.02671969,100,134.2134,0.3,-0.8580763,-5.165954,100,11101.0,3,13.824,0.572,2.304
10.861,6.31e-08,4.288,2.0925,0.001253251,238.5753,40.76678,0.1010174,-2.370707,0.7765486,-21.504,1.024,0.256,0.064,-48.75,100000000.0,3,46.7528,300,50,0.05,2.28e-08,1.025,1.37,277.1774,0.09377599,1.009357,100,100,202.2557,0.3,-1.193814,0.06864691,0.705878,0.1112883,100,1000,10,3.1e-08,177.7118,-1.229788,0.01341168,-5.099497,123.8307,138.0267,1.108,0.002926178,100,240,-1.598824,0.05229402,100,24658.97,0.3,-1.370692,-32.74343,100,100000010.0,3,10.24,1.81,-5.12
0.659,1.07e-07,116.417,2.2973,0.002805354,80.66521,3.045052,0.05158222,-3.022733,0.5140963,-1.024,1.024,0.256,0.064,-31.25,1100000000000.0,3,-45.581,300,50,0.02,7.34e-09,1.234,1.792,85.03552,0.03286296,0.9820347,100,100,57.54595,0.3,-0.9540197,0.05357295,0.09235239,0.02941499,100,1000,10,6.17e-08,17.2459,-0.8129429,0.09280808,-3.131097,29.20988,7.182095,1.083,0.02184387,100,361,-1.815113,0.03492188,100,22.31349,0.3,-1.161272,-3.407961,100,1100000000000.0,3,77.249,0.429,37.248
0.724,4.3e-08,26.304,1.4451,0.001238265,146.4098,42.60725,0.09784293,-1.954407,0.1622082,-1.024,1.024,0.256,0.064,-34.06,11000100000.0,3,-9.9027,300,50,0.001,1e-08,1.171,2.064,214.0376,0.06022954,0.6515654,100,100,41.88963,0.3,-0.9091569,0.2291611,0.1144623,0.04546124,100,1000,10,2.37e-08,77.0518,-0.8779568,0.0212852,-13.78125,1629616.0,58.74482,1.113,0.003157657,100,483,-1.497521,0.02949202,100,3926.084,0.3,-1.124051,-21.34644,100,11000100010.0,3,15.616,0.81,16.64
15.625,6.94e-08,1.344,1.0251,0.000815454,170.5814,16.6028,0.07394362,-2.484201,0.7537668,-1.024,1.024,0.256,0.064,-44.58,11010000.0,3,36.9703,300,50,2.24,1.43e-08,1.135,1.355,182.8747,0.07343352,0.6499398,100,100,226.0691,0.3,-1.263519,0.04434252,25.20885,0.04910821,100,1000,10,3.92e-08,177.0983,0.380112,0.04096381,-20.76562,240108500.0,24.08433,0.916,0.0136593,100,480,-1.364767,0.03076243,100,45.23965,0.3,-0.0559219,-3.724383,100,11010001.0,3,11.264,2.064,2.304
4.136,7.91e-08,4.48,2.3153,0.001618571,112.5081,58.78961,0.2231841,-20.46363,23839230000.0,-5.12,1.024,0.256,0.064,-37.5,100100.0,3,-37.9543,300,50,0.02,3.28e-08,1.017,1.086,106.5551,0.229312,0.5361494,100,100,656.9496,0.3,-1.829051,0.1368468,190.4184,0.2378868,100,1000,10,4.58e-08,285.6978,-1.35393,0.007677003,-1.964418,0.718823,573.9954,1.159,0.004491085,100,360,-1.667692,0.1298232,100,11293.94,0.3,-1.370126,-26.88957,100,100101.0,3,30.72,5.345,0.512
0.724,1.27e-07,61.697,1.8332,0.000204692,481.389,11.22754,0.008669436,-2.512255,0.1021073,-50.176,1.024,0.256,0.064,-45.83,11000000000000.0,3,22.4792,300,50,0.08,8.56e-09,3.143,5.729,512.8174,0.00781101,2.672343,100,100,253.445,0.3,-1.063214,0.007864237,0.03778338,0.02507946,100,1000,10,6.33e-08,18.3422,-0.6951514,0.06384778,-1.961652,0.115278,74.22562,1.157,0.002296258,100,484,-1.368078,0.008903742,100,26.73761,0.3,-0.7868059,-1.927535,100,11000000000000.0,3,38.145,0.572,34.048
0.572,6.62e-08,29.504,1.2817,0.000569603,267.0131,9.287598,0.01996177,-2.354012,0.08888054,-2.048,1.024,0.256,0.064,-43.23,11010100.0,3,31.5408,300,50,0.05,8.13e-09,1.638,2.949,313.6977,0.01460731,2.040397,100,100,167.1247,0.3,-0.957657,0.01482987,0.05839276,0.02695529,100,1000,10,3.42e-08,331.6824,-0.6743485,0.07004703,-2.246194,0.3195491,41.19186,1.112,0.003642701,100,480,-1.402893,0.01015365,100,26.67932,0.3,-0.806985,-2.16201,100,11010001.0,3,32.256,0.572,22.016
2.096,5.88e-08,2.112,2.5531,0.00208582,111.7947,9.032044,0.05949867,-2.383,0.0,-2.048,1.024,0.256,0.064,-30.83,100100000000.0,3,-53.2424,300,50,0.05,1.37e-08,0.932,1.05,145.1661,0.04393411,1.674485,100,100,93.52895,0.3,-1.433466,0.04975045,0.157697,0.1037069,100,1000,10,3.03e-08,113.8088,-1.180363,0.05481445,-2.128429,0.1949129,27.46353,1.064,0.004437894,100,363,-1.714998,0.02391934,100,29.17049,0.3,-1.327697,-2.178038,100,100100000000.0,3,5.632,0.362,1.6
1.377,6.31e-08,9.408,2.4401,0.003314236,97.87684,7.644142,0.06922966,-2.302791,0.1083407,-4.096,1.024,0.256,0.064,-25.0,100100.0,3,81.1152,300,50,0.0005,1.46e-08,1.186,1.463,127.2918,0.04283476,1.49466,100,100,67.73265,0.3,-1.163221,0.06208205,0.1015129,0.07052909,100,1000,10,3.34e-08,295.8114,-0.6936916,0.1343175,-2.440069,0.2491331,15.09003,1.06,0.008098193,100,361,-1.585758,0.01242292,100,19.64005,0.3,-0.8746672,-2.397401,100,100101.0,4,3.584,0.572,7.68
1.493,2.88e-08,0.256,1.5939,0.001643668,95.06614,13.38795,0.1087928,-24.3375,771324000000.0,-57.344,1.024,0.256,0.064,-25.75,1000100000.0,3,37.4048,300,50,0.027,1.26e-08,1.023,1.231,95.64741,0.1080346,0.5979471,100,100,99.53458,0.3,-1.476719,0.1068424,7.047645,0.07483303,100,1000,10,1.58e-08,57.7173,-1.295936,0.0155653,-16.04443,139087700.0,81.88161,1.007,0.00358777,100,363,-1.654659,0.05176175,100,21.91029,0.3,18.79809,-1.876434,100,1000100010.0,4,13.056,0.572,1.024
0.81,9.85e-08,68.161,4.4113,0.001215912,137.6615,1.426697,0.00593555,-2.190824,0.008671284,-5.12,1.024,0.256,0.064,-52.08,100100.0,3,-36.9178,300,50,0.0233,8.22e-09,12.21,19.443,194.3926,0.003495693,9.510889,100,100,75.26706,0.3,-1.185427,0.006103039,0.007458925,0.03830048,100,1000,10,5.15e-08,205.4795,-0.8242991,0.45123,-2.439501,0.08469272,12.06168,1.229,0.008310497,100,361,-1.505991,0.004052639,100,11.22659,0.3,-0.9505326,-2.342114,100,100101.0,4,37.121,0.362,31.745
4.615,3.77e-08,60.096,1.8726,1.247908,17.54226,4.136939,1.114082,-2.135376,0.09541511,1.024,1.024,0.256,0.064,-43.33,10011000000000.0,3,51.3387,300,50,0.001,7.17e-09,1.127,1.876,203.4997,0.000109508,0.2024969,100,100,0.007680344,0.3,-0.3185156,2628.554,0.04385328,0.3236922,100,1000,10,1.91e-08,188.8969,-0.2104918,0.1240139,-1.762101,0.3170896,98.47354,0.987,0.000247588,100,484,-1.72888,0.183427,100,125.9997,0.3,-0.213875,-1.720897,100,10011000000000.0,4,39.424,4.536,18.688
1.448,9.85e-08,3.712,1.3108,0.07019713,35.19973,17.02047,0.7705464,-2.130016,0.1681018,-3.072,1.024,0.256,0.064,-27.08,1100100.0,4,26.4471,300,50,0.0016,1.81e-08,0.984,1.126,14095.7,0.0614792,0.4346113,100,100,9.698462,0.3,2.995184,13.53376,0.1066346,0.1103602,100,1000,10,5.23e-08,213.1474,0.05499281,0.2665087,-2.157055,0.899368,16.67559,1.138,0.000771606,100,482,-1.795233,0.08116484,100,18.00777,0.3,7.52746,-2.12732,100,1100101.0,3,6.656,1.493,-0.256
0.572,3.58e-08,15.04,1.7276,0.009385727,102.9579,4.485496,0.07725251,-3.355582,1.473141,-52.224,1.024,0.256,0.064,-18.25,1001100000.0,3,-13.8771,300,50,0.0005,2.11e-08,1.308,2.154,106.2349,0.05495992,2.193854,100,100,78.18468,0.3,-0.6596161,0.07542926,0.1966436,0.08356021,100,1000,10,1.69e-08,233.6223,0.6245674,1.18341,-2.683451,0.3721559,7.779957,1.068,0.09129107,100,240,-1.6936,0.03755116,100,10.18703,0.3,0.06564628,-2.903399,100,100001.0,3,9.472,0.572,6.656
1.332,9.34e-08,1.216,2.9152,0.001819008,175.6301,49.78793,0.1156129,-1.660401,0.03474212,-1.024,1.024,0.256,0.064,-19.5,1000100000.0,3,-57.3341,300,50,0.001,1.41e-08,1.176,5.965,203721.7,0.01769853,0.981518,100,100,51.26053,0.3,-1.276994,0.1085165,0.0367862,0.1091101,100,1000,10,5.49e-08,318.0005,-0.1590785,0.1039275,-1.83628,0.1775742,29.02921,1.243,0.002642661,100,364,-1.572666,0.03866828,100,20.60239,0.3,-0.581808,-1.89326,100,1000100010.0,3,18.752,1.747,3.008
1.557,4.29e-08,3.712,1.0285,0.000725189,350.7898,32.24808,0.04122126,-1.966854,0.1031804,-2.048,1.024,0.256,0.064,-26.88,11110100.0,3,-49.8409,300,50,0.3,1.45e-08,1.061,1.353,483.7761,0.02898389,1.444351,100,100,170.9013,0.3,-0.900881,0.03106415,0.08201516,0.04089889,100,1000,10,2.34e-08,306.74,-0.6431018,0.04627,-1.945806,0.174121,69.47879,1.029,0.002320703,100,484,-1.351194,0.01141608,100,25.80749,0.3,-0.7483687,-1.917588,100,11100001.0,3,6.144,0.362,3.584
0.362,9.03e-08,15.872,2.6555,0.000141533,479.1875,6.942112,0.004844875,-2.0001,0.3694811,-58.368,1.024,0.256,0.064,-72.5,11110100.0,3,-63.0664,300,50,0.0014,1.5e-08,2.185,2.185,647.3784,0.004138545,4.461712,100,100,274.528,0.3,-1.209478,0.004830882,0.01873369,0.1643297,100,1000,10,4.97e-08,94.8399,-0.8856388,0.339547,-2.0001,0.1745569,15.10054,0.663,0.003120697,100,476,-1.371895,0.005082156,100,0.1749004,0.3,20.0,-1.500665,100,11100001.0,5,16.64,0.362,11.264
